{  "nome":"cesenaGAP",
   "clienti":40,
   "magazzini":5,
   "costi":[[119.807327,139.045285,99.755353,106.299587,178.683606,161.786107,121.994534,136.645368,192.396031,52.419443,57.708641,80.807674,165.208502,48.663466,26.502438,32.308565,118.8487,46.797559,114.671627,62.012067,161.204209,4.378027,194.687161,75.325146,64.707132,259.225698,31.684656,39.74591,168.064246,127.649677,83.074398,96.372375,25.008256,8.687587,122.434387,137.158133,80.538259,144.894803,60.85467,51.551292],
            [113.589672,112.6506,214.660341,60.105526,116.87165,154.775944,168.727166,65.713481,186.178375,167.324431,172.61363,163.510074,124.201673,163.568455,141.407427,137.375636,233.753689,161.702547,229.576616,57.004907,66.212691,118.054858,123.755273,184.08545,179.612121,374.130686,93.990033,154.650898,97.132359,242.554666,154.62449,31.51742,139.913245,123.592575,5.55512,90.926611,189.298564,139.647257,175.759659,166.45628],
            [186.768375,206.006333,108.835007,188.023071,245.644653,243.509591,188.955581,218.368852,259.357078,48.493745,66.01836,162.531159,232.169549,92.877285,76.638764,114.032049,23.028735,56.629841,43.776286,143.735551,242.927693,86.101511,276.410645,116.293575,32.529205,255.3,113.408141,69.949825,249.787731,86.018511,150.035445,178.09586,75.814585,90.411071,204.157871,218.881617,121.506688,211.855851,56.928973,67.627489],
            [167.031289,186.269247,96.094465,182.043965,225.907567,237.530485,169.218495,212.389746,239.619992,42.514639,60.039254,145.07769,212.432463,73.1402,70.659658,108.052943,41.349449,36.892755,37.172376,137.756445,236.948587,80.122405,270.431539,96.556489,12.792119,249.320894,107.429035,50.212739,243.808624,94.103538,130.298359,172.116754,69.835479,84.431965,198.178765,212.902511,101.769602,192.118765,50.949866,47.890403],
            [155.504406,154.565334,250.497546,71.416142,158.786384,108.985784,210.6419,83.568585,228.09311,203.161636,208.450834,199.347278,166.116408,199.405659,177.244631,173.21284,269.590893,197.539751,265.41382,92.842111,108.127426,153.892062,55.063272,219.922655,215.449325,409.96789,129.827237,190.488103,22.746991,278.39187,196.539225,67.354624,175.750449,159.42978,89.193668,57.757328,225.135768,181.561991,211.596863,202.293484]],
   "req":[[27,31,27,31,41,49,27,41,31,42,44,34,26,14,24,19,26,30,30,15,12,33,17,21,11,48,47,41,30,23,24,21,24,40,22,32,20,14,20,35],
          [27,31,27,31,41,49,27,41,31,42,44,34,26,14,24,19,26,30,30,15,12,33,17,21,11,48,47,41,30,23,24,21,24,40,22,32,20,14,20,35],
          [27,31,27,31,41,49,27,41,31,42,44,34,26,14,24,19,26,30,30,15,12,33,17,21,11,48,47,41,30,23,24,21,24,40,22,32,20,14,20,35],
          [27,31,27,31,41,49,27,41,31,42,44,34,26,14,24,19,26,30,30,15,12,33,17,21,11,48,47,41,30,23,24,21,24,40,22,32,20,14,20,35],
          [27,31,27,31,41,49,27,41,31,42,44,34,26,14,24,19,26,30,30,15,12,33,17,21,11,48,47,41,30,23,24,21,24,40,22,32,20,14,20,35]],
   "cap":[251,251,251,251,251]
}